id,position
7,109
14,99
21,109
28,109
35,108
42,109
49,109
56,107
63,107
70,107
77,108
84,108
91,108
98,108
105,99
112,99
119,99
126,99
133,87
140,110
147,109
154,109
161,108
168,108
175,109
182,109
189,109
196,109
203,108
210,109
217,100
224,109
231,109
238,109
245,109
252,109
259,110
266,110
273,109
280,99
287,99
294,99
301,99
308,99
315,110
322,110
329,109
336,109
343,110
350,110
357,110
364,110
371,109
378,109
385,109
392,109
399,109
406,99
413,99
420,109
427,94
434,94
441,109
448,99
455,99
462,104
469,104
476,108
483,110
490,104
497,96
504,99
511,99
518,99
525,99
532,109
539,102
546,93
553,93
560,93
567,110
574,89
581,108
588,109
595,109
602,109
609,99
616,109
623,99
630,109
637,109
644,109
651,99
658,99
665,109
672,109
679,110
686,109
693,109
700,109
707,109
714,109
721,89
728,107
735,109
742,109
749,109
756,106
763,109
770,109
777,109
784,109
791,109
798,109
805,108
812,108
819,100
826,100
833,100
840,109
847,94
854,94
861,108
868,99
875,99
882,108
889,108
896,110
903,109
910,85
917,85
924,99
931,109
938,109
945,109
952,109
959,99
966,109
973,109
980,109
987,109
994,109
1001,109
1008,106
1015,109
1022,109
1029,109
1036,109
1043,99
1050,109
1057,109
1064,99
1071,109
1078,109
1085,109
1092,109
1099,109
1106,88
1113,109
1120,109
1127,99
1134,99
1141,99
1148,109
1155,99
1162,109
1169,99
1176,103
1183,95
1190,99
1197,109
1204,97
1211,109
1218,109
1225,109
1232,109
1239,108
1246,109
1253,108
1260,86
1267,99
1274,99
1281,109
1288,109
1295,109
1302,109
1309,109
1316,109
1323,109
1330,99
1337,110
1344,109
1351,96
1358,109
1365,109
1372,86
1379,108
1386,109
1393,99
1400,99
1407,109
1414,109
1421,109
1428,109
1435,99
1442,99
1449,99
1456,108
1463,99
1470,99
1477,110
1484,109
1491,109
1498,90
1505,109
1512,109
1519,109
1526,108
1533,108
1540,109
1547,99
1554,109
1561,109
1568,109
1575,109
1582,109
1589,109
1596,109
1603,109
1610,109
1617,109
1624,99
1631,110
1638,99
1645,99
1652,109
1659,109
1666,104
1673,109
1680,109
1687,109
1694,109
1701,109
1708,109
1715,109
1722,109
1729,109
1736,109
1743,109
1750,108
1757,109
1764,99
1771,108
1778,99
1785,109
1792,109
1799,109
1806,108
1813,110
1820,110
1827,109
1834,100
1841,104
1848,99
1855,99
1862,109
1869,109
1876,109
1883,109
1890,109
1897,109
1904,110
1911,110
1918,110
1925,110
1932,110
1939,110
1946,110
1953,93
1960,95
1967,95
1974,109
1981,109
1988,109
1995,87
2002,87
2009,109
2016,109
2023,82
2030,109
2037,99
2044,110
2051,109
2058,108
2065,109
2072,107
2079,107
2086,99
2093,99
2100,109
2107,108
2114,86
2121,86
2128,109
2135,109
2142,108
2149,99
2156,109
2163,109
2170,109
2177,109
2184,109
2191,109
2198,109
2205,108
2212,109
2219,109
2226,109
2233,109
2240,99
2247,109
2254,109
2261,99
2268,109
2275,90
2282,109
2289,109
2296,108
2303,108
2310,109
2317,109
2324,109
2331,104
2338,104
2345,99
2352,99
2359,108
2366,108
2373,99
2380,110
2387,109
2394,109
2401,109
2408,109
2415,104
2422,99
2429,110
2436,109
2443,104
2450,109
2457,109
2464,109
2471,104
2478,109
2485,99
2492,99
2499,99
2506,99
2513,89
2520,110
2527,90
2534,108
2541,109
2548,109
2555,109
2562,99
2569,108
2576,108
2583,108
2590,110
2597,99
2604,99
2611,108
2618,110
2625,99
2632,99
2639,99
2646,110
2653,108
2660,98
2667,109
2674,99
2681,99
2688,109
2695,109
2702,109
2709,109
2716,109
2723,109
2730,110
2737,104
2744,110
2751,109
2758,104
2765,87
2772,99
2779,98
2786,109
2793,109
2800,109
2807,108
2814,109
2821,109
2828,110
2835,104
2842,109
2849,110
2856,109
2863,103
2870,103
2877,103
2884,109
2891,109
2898,94
2905,98
2912,98
2919,109
2926,108
2933,108
2940,108
2947,99
2954,109
2961,108
2968,108
2975,108
2982,108
2989,99
2996,109
3003,109
3010,89
3017,109
3024,109
3031,109
3038,99
3045,99
3052,108
3059,108
3066,108
3073,108
3080,99
3087,109
3094,95
3101,109
3108,109
3115,109
3122,109
3129,109
3136,86
3143,86
3150,99
3157,97
3164,99
3171,109
3178,109
3185,109
3192,109
3199,86
3206,86
3213,86
3220,86
3227,109
3234,99
3241,94
3248,96
3255,96
3262,94
3269,94
3276,94
3283,94
3290,90
3297,90
3304,100
3311,95
3318,95
3325,94
3332,99
3339,109
3346,88
3353,110
3360,104
3367,99
3374,99
3381,109
3388,109
3395,109
3402,109
3409,109
3416,109
3423,109
3430,109
3437,109
3444,109
3451,109
3458,109
3465,117
3472,109
3479,109
3486,109
3493,109
3500,107
3507,109
3514,108
3521,99
3528,109
3535,109
3542,87
3549,109
3556,109
3563,109
3570,109
3577,109
3584,109
3591,109
3598,107
3605,110
3612,109
3619,109
3626,95
3633,109
3640,109
3647,109
3654,109
3661,109
3668,99
3675,109
3682,109
3689,109
3696,109
3703,104
3710,100
3717,109
3724,108
3731,109
3738,99
3745,109
3752,109
3759,109
3766,109
3773,108
3780,108
3787,109
3794,103
3801,99
3808,109
3815,99
3822,107
3829,109
3836,90
3843,109
3850,99
3857,109
3864,109
3871,109
3878,99
3885,99
3892,99
3899,109
3906,108
3913,109
3920,109
3927,99
3934,99
3941,99
3948,99
3955,99
3962,99
3969,109
3976,99
3983,109
3990,108
3997,109
4004,109
4011,109
4018,95
4025,109
4032,99
4039,92
4046,109
4053,109
4060,109
4067,109
4074,100
4081,108
4088,74
4095,74
4102,87
4109,95
4116,109
4123,89
4130,109
4137,99
4144,99
4151,109
4158,109
4165,109
4172,109
4179,109
4186,109
4193,109
4200,87
4207,109
4214,109
4221,109
4228,109
4235,109
4242,109
4249,81
4256,99
4263,104
4270,109
4277,109
4284,109
4291,81
4298,94
4305,109
4312,109
4319,109
4326,109
4333,107
4340,109
4347,109
4354,109
4361,99
4368,108
4375,110
4382,109
4389,109
4396,109
4403,110
4410,109
4417,109
4424,100
4431,109
4438,95
4445,104
4452,109
4459,98
4466,98
4473,90
4480,109
4487,109
4494,109
4501,109
4508,109
4515,109
4522,104
4529,99
4536,105
4543,105
4550,105
4557,109
4564,109
4571,109
4578,109
4585,109
4592,99
4599,109
4606,103
4613,99
4620,109
4627,109
4634,99
4641,86
4648,86
4655,108
4662,109
4669,99
4676,109
4683,109
4690,109
4697,104
4704,104
4711,89
4718,105
4725,109
4732,109
4739,87
4746,109
4753,109
4760,109
4767,109
4774,95
4781,109
4788,109
4795,109
4802,109
4809,75
4816,104
4823,104
4830,104
4837,104
4844,99
4851,109
4858,109
4865,99
4872,109
4879,109
4886,109
4893,109
4900,109
4907,109
4914,109
4921,109
4928,109
4935,109
4942,109
4949,108
4956,104
4963,104
4970,104
4977,104
4984,104
4991,110
4998,99
5005,72
5012,109
5019,109
5026,109
5033,109
5040,109
5047,109
5054,109
5061,109
5068,99
5075,108
5082,87
5089,109
5096,99
5103,99
5110,99
5117,109
5124,109
5131,99
5138,99
5145,108
5152,108
5159,109
5166,100
5173,93
5180,73
5187,109
5194,109
5201,108
5208,108
5215,99
5222,95
5229,89
5236,109
5243,88
5250,109
5257,109
5264,108
5271,109
5278,99
5285,89
5292,89
5299,109
5306,109
5313,109
5320,82
5327,92
5334,92
5341,107
5348,107
5355,108
5362,99
5369,94
5376,94
5383,100
5390,109
5397,109
5404,109
5411,109
5418,109
5425,109
5432,109
5439,98
5446,90
5453,90
5460,90
5467,90
5474,99
5481,99
5488,110
5495,109
5502,109
5509,109
5516,109
5523,109
5530,109
5537,109
5544,109
5551,109
5558,109
5565,99
5572,109
5579,109
5586,109
5593,109
5600,109
5607,86
5614,99
5621,109
5628,98
5635,108
5642,92
5649,92
5656,92
5663,109
5670,109
5677,109
5684,93
5691,109
5698,89
5705,99
5712,107
5719,109
5726,109
5733,109
5740,100
5747,104
5754,99
5761,99
5768,108
5775,108
5782,85
5789,85
5796,99
5803,99
5810,99
5817,99
5824,98
5831,98
5838,110
5845,110
5852,110
5859,109
5866,95
5873,95
5880,95
5887,95
5894,108
5901,108
5908,108
5915,84
5922,84
5929,99
5936,99
5943,109
5950,89
5957,99
5964,99
5971,99
5978,94
5985,85
5992,85
5999,99
6006,105
6013,109
6020,110
6027,108
6034,109
6041,104
6048,109
6055,99
6062,99
6069,109
6076,109
6083,109
6090,109
6097,109
6104,108
6111,109
6118,88
6125,109
6132,109
6139,109
6146,86
6153,104
6160,104
6167,109
6174,109
6181,90
6188,90
6195,109
6202,109
6209,109
6216,109
6223,96
6230,109
6237,109
6244,109
6251,99
6258,99
6265,109
6272,99
6279,104
6286,109
6293,109
6300,108
6307,108
6314,108
6321,109
6328,109
6335,95
6342,95
6349,108
6356,91
6363,91
6370,108
6377,108
6384,110
6391,110
6398,110
6405,89
6412,89
6419,108
6426,109
6433,109
6440,109
6447,109
6454,109
6461,88
6468,95
6475,110
6482,99
6489,109
6496,108
6503,108
6510,109
6517,109
6524,109
6531,109
6538,109
6545,109
6552,89
6559,99
6566,99
6573,109
6580,109
6587,104
6594,108
6601,108
6608,109
6615,109
6622,109
6629,109
6636,109
6643,99
6650,104
6657,109
6664,109
6671,109
6678,109
6685,109
6692,109
6699,109
6706,104
6713,99
6720,109
6727,109
6734,109
6741,109
6748,109
6755,90
6762,109
6769,109
6776,109
6783,108
6790,87
6797,109
6804,109
6811,97
6818,89
6825,99
6832,86
6839,86
6846,109
6853,109
6860,109
6867,109
6874,108
6881,108
6888,90
6895,108
6902,109
6909,110
6916,109
6923,98
6930,98
6937,108
6944,109
6951,106
6958,106
6965,106
6972,109
6979,90
6986,86
6993,99
7000,110
7007,104
7014,109
7021,109
7028,109
7035,109
7042,109
7049,109
7056,109
7063,109
7070,99
7077,99
7084,110
7091,110
7098,110
7105,110
7112,99
7119,99
7126,99
7133,99
7140,89
7147,89
7154,89
7161,89
7168,89
7175,109
7182,99
7189,108
7196,109
7203,109
7210,102
7217,89
7224,108
7231,109
7238,109
7245,99
7252,109
7259,99
7266,108
7273,109
7280,109
7287,99
7294,99
7301,109
7308,110
7315,109
7322,109
7329,109
7336,109
7343,89
7350,99
7357,109
7364,109
7371,108
7378,99
7385,99
7392,108
7399,109
7406,110
7413,110
7420,98
7427,108
7434,109
7441,109
7448,109
7455,109
7462,109
7469,108
7476,108
7483,109
7490,109
7497,109
7504,108
7511,109
7518,109
7525,100
7532,109
7539,109
7546,109
7553,109
7560,107
7567,109
7574,100
7581,109
7588,105
7595,109
7602,109
7609,109
7616,109
7623,109
7630,109
7637,109
7644,109
7651,100
7658,100
7665,89
7672,89
7679,89
7686,89
7693,89
7700,89
7707,109
7714,109
7721,109
7728,109
7735,108
7742,99
7749,99
7756,108
7763,108
7770,99
7777,99
7784,99
7791,99
7798,109
7805,89
7812,109
7819,109
7826,109
7833,109
7840,109
7847,109
7854,109
7861,109
7868,109
7875,109
7882,109
7889,109
7896,109
7903,109
7910,109
7917,109
7924,109
7931,109
7938,109
7945,109
7952,109
7959,109
7966,109
7973,109
7980,99
7987,109
7994,99
8001,108
8008,99
8015,109
8022,109
8029,109
8036,110
8043,88
8050,104
8057,109
8064,110
8071,99
8078,99
8085,99
8092,99
8099,99
8106,108
8113,109
8120,110
8127,99
8134,99
8141,99
8148,107
8155,109
8162,109
8169,104
8176,99
8183,99
8190,109
8197,109
8204,109
8211,104
8218,104
8225,109
8232,98
8239,88
8246,88
8253,93
8260,93
8267,109
8274,110
8281,109
8288,101
8295,109
8302,109
8309,109
8316,109
8323,99
8330,109
8337,100
8344,109
8351,99
8358,108
8365,109
8372,108
8379,108
8386,109
8393,109
8400,109
8407,109
8414,109
8421,100
8428,109
8435,108
8442,108
8449,108
8456,108
8463,108
8470,108
8477,108
8484,109
8491,109
8498,104
8505,99
8512,110
8519,109
8526,109
8533,108
8540,109
8547,109
8554,108
8561,109
8568,105
8575,105
8582,109
8589,109
8596,109
8603,109
8610,109
8617,101
8624,104
8631,98
8638,98
8645,99
8652,99
8659,99
8666,108
8673,109
8680,109
8687,109
8694,109
8701,109
8708,116
8715,108
8722,109
8729,109
8736,110
8743,109
8750,99
8757,104
8764,98
8771,109
8778,109
8785,108
8792,88
8799,109
8806,109
8813,109
8820,109
8827,89
8834,89
8841,109
8848,109
8855,104
8862,99
8869,109
8876,109
8883,99
8890,110
8897,96
8904,110
8911,110
8918,109
8925,99
8932,109
8939,110
8946,109
8953,97
8960,97
8967,109
8974,110
8981,109
8988,109
8995,109
9002,109
9009,109
9016,99
9023,99
9030,99
9037,99
9044,99
9051,99
9058,99
9065,99
9072,99
9079,109
9086,109
9093,109
9100,109
9107,109
9114,109
9121,88
9128,109
9135,109
9142,99
9149,89
9156,108
9163,108
9170,88
9177,88
9184,110
9191,99
9198,99
9205,99
9212,99
9219,99
9226,109
9233,99
9240,99
9247,109
9254,110
9261,109
9268,109
9275,101
9282,109
9289,109
9296,109
9303,109
9310,109
9317,109
9324,108
9331,108
9338,99
9345,109
9352,109
9359,96
9366,109
9373,109
9380,109
9387,109
9394,109
9401,109
9408,109
9415,109
9422,109
9429,99
9436,99
9443,99
9450,99
9457,108
9464,108
9471,108
9478,109
9485,98
9492,98
9499,98
9506,98
9513,98
9520,105
9527,105
9534,108
9541,109
9548,109
9555,109
9562,109
9569,109
9576,109
9583,109
9590,109
9597,109
9604,99
9611,94
9618,108
9625,109
9632,109
9639,109
9646,108
9653,100
9660,109
9667,99
9674,99
9681,99
9688,93
9695,109
9702,104
9709,109
9716,109
9723,109
9730,109
9737,109
9744,109
9751,109
9758,109
9765,109
9772,109
9779,108
9786,109
9793,109
9800,109
9807,108
9814,87
9821,100
9828,100
9835,100
9842,99
9849,109
9856,109
9863,109
9870,109
9877,109
9884,99
9891,99
9898,99
9905,99
9912,109
9919,109
9926,109
9933,109
9940,109
9947,89
9954,99
9961,99
9968,108
9975,109
9982,104
9989,109
9996,109
10003,109
10010,109
10017,109
10024,109
10031,104
10038,108
10045,108
10052,108
10059,104
10066,99
10073,109
10080,109
10087,109
10094,109
10101,99
10108,99
10115,99
10122,109
10129,109
10136,109
10143,104
10150,109
10157,109
10164,98
10171,109
10178,109
10185,110
10192,110
10199,99
10206,99
10213,99
10220,99
10227,109
10234,109
10241,99
10248,109
10255,104
10262,109
10269,99
10276,95
10283,109
10290,109
10297,109
10304,109
10311,109
10318,109
10325,110
10332,108
10339,108
10346,108
10353,108
10360,108
10367,108
10374,108
10381,99
10388,99
10395,86
10402,86
10409,86
10416,109
10423,109
10430,109
10437,109
10444,109
10451,110
10458,110
10465,110
10472,109
10479,109
10486,109
10493,109
10500,109
10507,109
10514,109
10521,109
10528,109
10535,109
10542,109
10549,109
10556,110
10563,110
10570,110
10577,110
10584,110
10591,110
10598,110
10605,107
10612,103
10619,103
10626,103
10633,99
10640,109
10647,104
10654,109
10661,108
10668,109
10675,99
10682,108
10689,109
10696,109
10703,99
10710,99
10717,99
10724,109
10731,109
10738,109
10745,109
10752,109
10759,109
10766,109
10773,104
10780,109
10787,89
10794,89
10801,104
10808,109
10815,109
10822,110
10829,108
10836,110
10843,109
10850,90
10857,90
10864,90
10871,90
10878,90
10885,90
10892,90
10899,90
10906,99
10913,109
10920,109
10927,108
10934,109
10941,109
10948,109
10955,108
10962,99
10969,89
10976,89
10983,109
10990,109
10997,109
11004,100
11011,109
11018,105
11025,105
11032,105
11039,109
11046,103
11053,109
11060,110
11067,99
11074,99
11081,99
11088,99
11095,99
11102,99
11109,99
11116,109
11123,107
11130,110
11137,110
11144,109
11151,104
11158,109
11165,109
11172,87
11179,104
11186,109
11193,109
11200,109
11207,108
11214,108
11221,109
11228,109
11235,109
11242,109
11249,110
11256,109
11263,109
11270,105
11277,90
11284,109
11291,109
11298,109
11305,109
11312,99
11319,109
11326,109
11333,109
11340,109
11347,109
11354,109
11361,110
11368,110
11375,98
11382,109
11389,99
11396,99
11403,109
11410,109
11417,110
11424,109
11431,108
11438,110
11445,99
11452,99
11459,99
11466,99
11473,99
11480,99
11487,99
11494,109
11501,109
11508,109
11515,109
11522,109
11529,109
11536,109
11543,89
11550,109
11557,109
11564,109
11571,109
11578,88
11585,88
11592,73
11599,104
11606,109
11613,109
11620,99
11627,109
11634,110
11641,110
11648,110
11655,108
11662,109
11669,89
11676,109
11683,109
11690,109
11697,109
11704,99
11711,99
11718,99
11725,99
11732,109
11739,104
11746,104
11753,109
11760,109
11767,109
11774,87
11781,87
11788,110
11795,110
11802,94
11809,95
11816,95
11823,109
11830,90
11837,109
11844,109
11851,108
11858,108
11865,110
11872,110
11879,110
11886,110
11893,110
11900,108
11907,108
11914,70
11921,109
11928,99
11935,108
11942,104
11949,109
11956,100
11963,109
11970,109
11977,94
11984,94
11991,94
11998,94
12005,109
12012,99
12019,110
12026,110
12033,110
12040,108
12047,108
12054,108
12061,108
12068,99
12075,109
12082,109
12089,99
12096,109
12103,109
12110,99
12117,109
12124,103
12131,104
12138,108
12145,109
12152,108
12159,108
12166,109
12173,109
12180,109
12187,73
12194,109
12201,109
12208,104
12215,99
12222,99
12229,108
12236,86
12243,86
12250,86
12257,86
12264,86
12271,109
12278,109
12285,108
12292,108
12299,76
12306,76
12313,76
12320,109
12327,108
12334,99
12341,109
12348,99
12355,99
12362,109
12369,99
12376,110
12383,110
12390,110
12397,109
12404,109
12411,87
12418,107
12425,109
12432,108
12439,109
12446,95
12453,99
12460,99
12467,109
12474,100
12481,89
12488,109
12495,99
12502,109
12509,109
12516,109
12523,104
12530,100
12537,100
12544,108
12551,109
12558,109
12565,109
12572,109
12579,96
12586,96
12593,109
12600,99
12607,104
12614,99
12621,99
12628,99
12635,99
12642,109
12649,109
12656,82
12663,91
12670,108
12677,108
12684,99
12691,109
12698,104
12705,104
12712,109
12719,104
12726,109
12733,109
12740,109
12747,90
12754,99
12761,110
12768,110
12775,87
12782,109
12789,99
12796,90
12803,99
12810,109
12817,109
12824,108
12831,87
12838,109
12845,109
12852,105
12859,109
12866,110
12873,108
12880,109
12887,109
12894,109
12901,108
12908,109
12915,108
12922,110
12929,109
12936,93
12943,99
12950,109
12957,103
12964,110
12971,109
12978,109
12985,109
12992,109
12999,109
13006,109
13013,109
13020,107
13027,109
13034,109
13041,109
13048,109
13055,108
13062,109
13069,109
13076,99
13083,109
13090,107
13097,97
13104,109
13111,109
13118,100
13125,99
13132,109
13139,109
13146,109
13153,107
13160,109
13167,109
13174,108
13181,109
13188,87
13195,87
13202,99
13209,109
13216,109
13223,91
13230,91
13237,109
13244,99
13251,109
13258,87
13265,87
13272,94
13279,94
13286,94
13293,109
13300,99
13307,99
13314,100
13321,103
13328,103
13335,109
13342,104
13349,108
13356,103
13363,99
13370,109
13377,99
13384,99
13391,109
13398,109
13405,109
13412,100
13419,109
13426,109
13433,109
13440,109
13447,109
13454,109
13461,109
13468,109
13475,109
13482,109
13489,109
13496,104
13503,109
13510,99
13517,92
13524,99
13531,99
13538,109
13545,109
13552,105
13559,109
13566,108
13573,109
13580,109
13587,75
13594,108
13601,108
13608,109
13615,109
13622,109
13629,99
13636,99
13643,110
13650,100
13657,109
13664,109
13671,109
13678,99
13685,98
13692,99
13699,99
13706,99
13713,75
13720,109
13727,109
13734,109
13741,89
13748,94
13755,108
13762,109
13769,110
13776,95
13783,99
13790,109
13797,109
13804,100
13811,108
13818,110
13825,108
13832,108
13839,109
13846,109
13853,108
13860,108
13867,109
13874,109
13881,99
13888,108
13895,109
13902,109
13909,100
13916,100
13923,100
13930,99
13937,99
13944,99
13951,99
13958,99
13965,109
13972,109
13979,109
13986,109
13993,109
14000,110
14007,110
14014,109
14021,108
14028,101
14035,105
14042,109
14049,109
14056,109
14063,99
14070,109
14077,109
14084,109
14091,109
14098,109
14105,109
14112,109
14119,110
14126,110
14133,109
14140,108
14147,108
14154,108
14161,109
14168,109
14175,108
14182,109
14189,109
14196,109
14203,67
14210,99
14217,109
14224,108
14231,108
14238,100
14245,100
14252,100
14259,88
14266,109
14273,109
14280,99
14287,105
14294,99
14301,108
14308,109
14315,109
14322,104
14329,108
14336,108
14343,109
14350,109
14357,104
14364,104
14371,89
14378,109
14385,108
14392,108
14399,108
14406,109
14413,99
14420,108
14427,109
14434,109
14441,109
14448,109
14455,109
14462,109
14469,108
14476,99
14483,99
14490,99
14497,109
14504,109
14511,109
14518,108
14525,109
14532,109
14539,92
14546,109
14553,99
14560,109
14567,109
14574,109
14581,100
14588,104
14595,104
14602,99
14609,109
14616,109
14623,109
14630,109
14637,109
14644,99
14651,99
14658,99
14665,109
14672,109
14679,109
14686,109
14693,109
14700,99
14707,99
14714,109
14721,109
14728,109
14735,110
14742,109
14749,109
14756,99
14763,97
14770,97
14777,97
14784,97
14791,100
14798,104
14805,104
14812,109
14819,110
14826,109
14833,109
14840,109
14847,86
14854,109
14861,109
14868,108
14875,108
14882,109
14889,68
14896,68
14903,99
14910,104
14917,104
14924,109
14931,109
14938,109
14945,108
14952,99
14959,109
14966,100
14973,100
14980,109
14987,109
14994,109
15001,104
15008,104
15015,104
15022,109
15029,109
15036,109
15043,98
15050,98
15057,109
15064,103
15071,93
15078,99
15085,100
15092,99
15099,99
15106,96
15113,109
15120,99
15127,87
15134,109
15141,109
15148,109
15155,109
15162,109
15169,109
15176,109
15183,109
15190,109
15197,109
15204,109
15211,108
15218,110
15225,109
15232,109
15239,108
15246,109
15253,104
15260,109
15267,109
15274,109
15281,109
15288,94
15295,99
15302,109
15309,109
15316,109
15323,109
15330,109
15337,108
15344,109
15351,91
15358,91
15365,109
15372,100
15379,100
15386,100
15393,109
15400,109
15407,109
15414,109
15421,108
15428,108
15435,109
15442,109
15449,99
15456,99
15463,99
15470,109
15477,109
15484,109
15491,99
15498,104
15505,104
15512,104
15519,104
15526,109
15533,100
15540,74
15547,108
15554,109
15561,109
15568,109
15575,109
15582,109
15589,109
15596,99
15603,109
15610,109
15617,109
15624,108
15631,108
15638,99
15645,109
15652,109
15659,109
15666,109
15673,104
15680,110
15687,110
15694,109
15701,96
15708,99
15715,99
15722,99
15729,99
15736,99
15743,99
15750,109
15757,109
15764,109
15771,99
15778,99
15785,99
15792,109
15799,109
15806,89
15813,110
15820,90
15827,104
15834,109
15841,99
15848,99
15855,99
15862,99
15869,99
15876,109
15883,109
15890,109
15897,110
15904,99
15911,109
15918,109
15925,109
15932,108
15939,109
15946,109
15953,109
15960,109
15967,109
15974,109
15981,90
15988,109
15995,109
16002,109
16009,89
16016,109
16023,109
16030,109
16037,109
16044,110
16051,99
16058,109
16065,109
16072,109
16079,99
16086,99
16093,99
16100,109
16107,109
16114,109
16121,109
16128,109
16135,109
16142,99
16149,109
16156,109
16163,109
16170,109
16177,108
16184,109
16191,109
16198,100
16205,100
16212,100
16219,98
16226,109
16233,109
16240,109
16247,109
16254,99
16261,99
16268,109
16275,109
16282,109
16289,99
16296,109
16303,86
16310,86
16317,95
16324,95
16331,109
16338,99
16345,70
16352,70
16359,108
16366,108
16373,108
16380,109
16387,109
16394,66
16401,104
16408,104
16415,109
16422,109
16429,109
16436,109
16443,109
16450,99
16457,109
16464,108
16471,108
16478,108
16485,91
16492,91
16499,91
16506,96
16513,89
16520,109
16527,99
16534,99
16541,109
16548,104
16555,109
16562,93
16569,109
16576,87
16583,74
16590,108
16597,109
16604,100
16611,109
16618,109
16625,109
16632,109
16639,109
16646,109
16653,108
16660,74
16667,74
16674,74
16681,85
16688,109
16695,109
16702,99
16709,109
16716,110
16723,110
16730,109
16737,109
16744,109
16751,108
16758,109
16765,100
16772,99
16779,99
16786,99
16793,99
16800,99
16807,99
16814,99
16821,108
16828,99
16835,99
16842,99
16849,106
16856,106
16863,109
16870,109
16877,108
16884,109
16891,104
16898,90
16905,109
16912,103
16919,103
16926,103
16933,103
16940,109
16947,108
16954,83
16961,109
16968,109
16975,109
16982,109
16989,109
16996,94
17003,73
17010,73
17017,73
17024,73
17031,104
17038,100
17045,109
17052,104
17059,95
17066,95
17073,95
17080,99
17087,108
17094,108
17101,109
17108,109
17115,104
17122,104
17129,75
17136,95
17143,109
17150,109
17157,109
17164,99
17171,99
17178,99
17185,109
17192,109
17199,109
17206,90
17213,109
17220,109
17227,109
17234,109
17241,109
17248,109
17255,108
17262,109
17269,99
17276,99
17283,99
17290,109
17297,109
17304,99
17311,99
17318,109
17325,109
17332,109
17339,109
17346,109
17353,109
17360,109
17367,109
17374,109
17381,109
17388,106
17395,106
17402,106
17409,99
17416,99
17423,99
17430,109
17437,95
17444,110
17451,110
17458,110
17465,110
17472,109
17479,109
17486,109
17493,109
17500,99
17507,99
17514,99
17521,99
17528,109
17535,109
17542,104
17549,109
17556,109
17563,109
17570,102
17577,109
17584,87
17591,109
17598,109
17605,109
17612,109
17619,109
17626,109
17633,109
17640,109
17647,109
17654,104
17661,108
17668,109
17675,109
17682,108
17689,109
17696,109
17703,104
17710,99
17717,109
17724,109
17731,109
17738,99
17745,99
17752,109
17759,109
17766,109
17773,109
17780,109
17787,99
17794,108
17801,109
17808,109
17815,109
17822,110
17829,109
17836,110
17843,99
17850,99
17857,108
17864,91
17871,103
17878,103
17885,99
17892,99
17899,109
17906,100
17913,109
17920,109
17927,104
17934,109
17941,99
17948,109
17955,109
17962,104
17969,104
17976,99
17983,109
17990,109
17997,109
18004,109
18011,109
18018,109
18025,109
18032,108
18039,95
18046,110
18053,105
18060,99
18067,106
18074,106
18081,98
18088,109
18095,109
18102,109
18109,109
18116,109
18123,82
18130,82
18137,109
18144,104
18151,109
18158,109
18165,109
18172,109
18179,109
18186,109
18193,110
18200,92
18207,109
18214,104
18221,109
18228,108
18235,109
18242,109
18249,109
18256,109
18263,109
18270,110
18277,99
18284,99
18291,109
18298,109
18305,108
18312,109
18319,109
18326,107
18333,109
18340,109
18347,109
18354,109
18361,109
18368,95
18375,109
18382,98
18389,95
18396,99
18403,99
18410,109
18417,99
18424,109
18431,105
18438,105
18445,109
18452,109
18459,109
18466,109
18473,89
18480,109
18487,88
18494,109
18501,109
18508,109
18515,109
18522,109
18529,109
18536,109
18543,108
18550,109
18557,88
18564,88
18571,88
18578,90
18585,90
18592,109
18599,71
18606,71
18613,110
18620,109
18627,99
18634,99
18641,107
18648,107
18655,105
18662,105
18669,92
18676,108
18683,101
18690,108
18697,108
18704,108
18711,108
18718,108
18725,108
18732,88
18739,109
18746,109
18753,109
18760,109
18767,109
18774,99
18781,99
18788,99
18795,99
18802,109
18809,108
18816,74
18823,74
18830,106
18837,106
18844,106
18851,109
18858,108
18865,109
18872,93
18879,93
18886,93
18893,93
18900,109
18907,109
18914,104
18921,104
18928,104
18935,104
18942,109
18949,109
18956,99
18963,99
18970,99
18977,109
18984,109
18991,100
18998,100
19005,100
19012,100
19019,109
19026,99
19033,99
19040,109
19047,93
19054,93
19061,93
19068,93
19075,93
19082,109
19089,109
19096,109
19103,109
19110,109
19117,109
19124,109
19131,108
19138,99
19145,99
19152,99
19159,109
19166,109
19173,109
19180,99
19187,109
19194,93
19201,109
19208,109
19215,99
19222,108
19229,104
19236,77
19243,104
19250,104
19257,75
19264,98
19271,109
19278,109
19285,108
19292,109
19299,109
19306,109
19313,109
19320,109
19327,109
19334,109
19341,108
19348,99
19355,82
19362,99
19369,104
19376,109
19383,109
19390,85
19397,99
19404,107
19411,109
19418,110
19425,99
19432,108
19439,109
19446,108
19453,98
19460,109
19467,106
19474,109
19481,109
19488,104
19495,94
19502,109
19509,104
19516,87
19523,99
19530,99
19537,109
19544,109
19551,99
19558,109
19565,99
19572,99
19579,100
19586,100
19593,101
19600,101
19607,101
19614,109
19621,109
19628,95
19635,107
19642,107
19649,109
19656,109
19663,109
19670,99
19677,99
19684,100
19691,109
19698,109
19705,99
19712,82
19719,90
19726,99
19733,109
19740,109
19747,108
19754,99
19761,104
19768,104
19775,104
19782,109
19789,109
19796,101
19803,110
19810,99
19817,109
19824,99
19831,87
19838,109
19845,109
19852,109
19859,109
19866,109
19873,95
19880,94
19887,104
19894,99
19901,99
19908,109
19915,109
19922,109
19929,102
19936,109
19943,109
19950,109
19957,109
19964,104
19971,109
19978,109
19985,99
19992,99
19999,109
20006,109
20013,74
20020,109
20027,109
20034,109
20041,109
20048,108
20055,99
20062,99
20069,99
20076,87
20083,109
20090,109
20097,109
20104,109
20111,109
20118,109
20125,109
20132,108
20139,109
20146,99
20153,109
20160,109
20167,109
20174,108
20181,107
20188,109
20195,109
20202,109
20209,109
20216,109
20223,109
20230,109
20237,109
20244,109
20251,108
20258,102
20265,102
20272,102
20279,109
20286,109
20293,109
20300,109
20307,109
20314,99
20321,104
20328,99
20335,99
20342,99
20349,99
20356,109
20363,109
20370,109
20377,108
20384,109
20391,109
20398,109
20405,109
20412,109
20419,95
20426,99
20433,109
20440,109
20447,109
20454,109
20461,104
20468,109
20475,109
20482,109
20489,109
20496,109
20503,109
20510,109
20517,109
20524,109
20531,109
20538,109
20545,109
20552,109
20559,104
20566,99
20573,99
20580,109
20587,109
20594,103
20601,109
20608,104
20615,108
20622,89
20629,108
20636,91
20643,91
20650,91
20657,117
20664,110
20671,109
20678,91
20685,109
20692,109
20699,108
20706,108
20713,95
20720,109
20727,109
20734,109
20741,109
20748,109
20755,109
20762,109
20769,109
20776,109
20783,109
20790,87
20797,99
20804,109
20811,109
20818,109
20825,90
20832,109
20839,109
20846,109
20853,109
20860,109
20867,109
20874,109
20881,109
20888,109
20895,109
20902,99
20909,95
20916,109
20923,109
20930,109
20937,99
20944,109
20951,109
20958,109
20965,109
20972,108
20979,109
20986,90
20993,90
21000,104
21007,104
21014,109
21021,109
21028,108
21035,109
21042,90
21049,109
21056,98
21063,109
21070,109
21077,90
21084,90
21091,99
21098,92
21105,104
21112,95
21119,109
21126,98
21133,98
21140,98
21147,109
21154,110
21161,109
21168,109
21175,109
21182,109
21189,109
21196,89
21203,109
21210,82
21217,82
21224,82
21231,104
21238,104
21245,109
21252,75
21259,109
21266,110
21273,109
21280,109
21287,109
21294,109
21301,109
21308,95
21315,99
21322,109
21329,109
21336,99
21343,100
21350,100
21357,100
21364,109
21371,104
21378,100
21385,105
21392,109
21399,109
21406,99
21413,107
21420,107
21427,107
21434,110
21441,100
21448,98
21455,104
21462,104
21469,104
21476,104
21483,110
21490,109
21497,109
21504,109
21511,109
21518,109
21525,89
21532,87
21539,109
21546,109
21553,108
21560,109
21567,110
21574,109
21581,90
21588,90
21595,99
21602,103
21609,109
21616,108
21623,109
21630,109
21637,109
21644,74
21651,109
21658,109
21665,109
21672,109
21679,109
21686,108
21693,110
21700,109
21707,104
21714,104
21721,104
21728,91
21735,109
21742,109
21749,109
21756,109
21763,108
21770,109
21777,109
21784,110
21791,109
21798,109
21805,109
21812,110
21819,110
21826,109
21833,109
21840,109
21847,109
21854,109
21861,109
21868,109
21875,109
21882,109
21889,109
21896,109
21903,109
21910,109
21917,109
21924,109
21931,109
21938,109
21945,99
21952,99
21959,109
21966,103
21973,99
21980,99
21987,99
21994,99
22001,109
22008,109
22015,99
22022,107
22029,109
22036,108
22043,99
22050,109
22057,76
22064,105
22071,104
22078,104
22085,109
22092,109
22099,108
22106,109
22113,99
22120,99
22127,99
22134,109
22141,109
22148,109
22155,95
22162,110
22169,95
22176,109
22183,109
22190,100
22197,109
22204,109
22211,109
22218,109
22225,109
22232,109
22239,99
22246,100
22253,109
22260,109
22267,100
22274,98
22281,98
22288,98
22295,109
22302,108
22309,87
22316,110
22323,109
22330,99
22337,99
22344,99
22351,99
22358,109
22365,109
22372,109
22379,109
22386,109
22393,109
22400,109
22407,104
22414,104
22421,104
22428,104
22435,104
22442,104
22449,99
22456,109
22463,104
22470,104
22477,104
22484,109
22491,109
22498,99
22505,99
22512,100
22519,103
22526,109
22533,109
22540,109
22547,109
22554,100
22561,99
22568,99
22575,108
22582,108
22589,109
22596,109
22603,109
22610,109
22617,109
22624,109
22631,97
22638,109
22645,109
22652,88
22659,111
22666,85
22673,85
22680,109
22687,109
22694,109
22701,99
22708,99
22715,104
22722,104
22729,109
22736,94
22743,99
22750,109
22757,100
22764,99
22771,107
22778,107
22785,109
22792,99
22799,108
22806,100
22813,109
22820,99
22827,99
22834,109
22841,90
22848,109
22855,110
22862,104
22869,104
22876,109
22883,109
22890,109
22897,108
22904,108
22911,99
22918,108
22925,109
22932,87
22939,109
22946,109
22953,87
22960,109
22967,95
22974,95
22981,95
22988,108
22995,108
23002,108
23009,108
23016,108
23023,99
23030,99
23037,109
23044,109
23051,109
23058,109
23065,99
23072,109
23079,104
23086,109
23093,109
23100,109
23107,109
23114,109
23121,109
23128,109
23135,109
23142,109
23149,109
23156,108
23163,110
23170,109
23177,109
23184,109
23191,109
23198,109
23205,99
23212,109
23219,109
23226,109
23233,108
23240,99
23247,92
23254,92
23261,92
23268,92
23275,92
23282,110
23289,94
23296,109
23303,109
23310,109
23317,109
23324,99
23331,99
23338,99
23345,99
23352,109
23359,109
23366,109
23373,109
23380,109
23387,109
23394,109
23401,99
23408,99
23415,105
23422,99
23429,104
23436,108
23443,109
23450,108
23457,109
23464,89
23471,108
23478,109
23485,109
23492,109
23499,109
23506,109
23513,107
23520,109
23527,109
23534,100
23541,100
23548,109
23555,109
23562,109
23569,109
23576,100
23583,109
23590,109
23597,109
23604,109
23611,109
23618,109
23625,109
23632,99
23639,99
23646,99
23653,109
23660,109
23667,109
23674,109
23681,99
23688,109
23695,109
23702,108
23709,99
23716,108
23723,109
23730,109
23737,109
23744,108
23751,108
23758,102
23765,109
23772,81
23779,109
23786,109
23793,104
23800,109
23807,97
23814,109
23821,109
23828,109
23835,99
23842,108
23849,104
23856,99
23863,99
23870,99
23877,109
23884,109
23891,109
23898,109
23905,99
23912,104
23919,104
23926,104
23933,104
23940,99
23947,109
23954,99
23961,109
23968,98
23975,109
23982,108
23989,109
23996,109
24003,109
24010,109
24017,82
24024,82
24031,109
24038,89
24045,109
24052,109
24059,99
24066,108
24073,108
24080,108
24087,110
24094,109
24101,99
24108,94
24115,95
24122,99
24129,109
24136,117
24143,86
24150,109
24157,106
24164,117
24171,86
24178,109
24185,110
24192,101
24199,109
24206,108
24213,89
24220,89
24227,87
24234,109
24241,104
24248,104
24255,109
24262,109
24269,109
24276,108
24283,110
24290,110
24297,109
24304,108
24311,109
24318,107
24325,108
24332,108
24339,109
24346,87
24353,109
24360,109
24367,106
24374,109
24381,109
24388,107
24395,107
24402,107
24409,109
24416,104
24423,109
24430,109
24437,110
24444,110
24451,110
24458,109
24465,109
24472,109
24479,109
24486,109
24493,110
24500,109
24507,99
24514,99
24521,91
24528,100
24535,109
24542,108
24549,109
24556,107
24563,107
24570,109
24577,109
24584,109
24591,109
24598,109
24605,99
24612,110
24619,109
24626,109
24633,109
24640,109
24647,87
24654,109
24661,109
24668,109
24675,109
24682,110
24689,108
24696,109
24703,104
24710,104
24717,104
24724,75
24731,108
24738,108
24745,99
24752,108
24759,109
24766,109
24773,110
24780,110
24787,92
24794,109
24801,109
24808,109
24815,109
24822,109
24829,109
24836,108
24843,109
24850,109
24857,104
24864,104
24871,109
24878,109
24885,109
24892,109
24899,109
24906,109
24913,79
24920,109
24927,99
24934,92
24941,109
24948,99
24955,108
24962,108
24969,109
24976,110
24983,109
24990,109
24997,99
25004,99
25011,109
25018,104
25025,104
25032,99
25039,109
25046,93
25053,104
25060,100
25067,95
25074,104
25081,104
25088,109
25095,104
25102,109
25109,109
25116,108
25123,109
25130,109
25137,109
25144,95
25151,109
25158,108
25165,108
25172,109
25179,109
25186,109
25193,100
25200,110
25207,99
25214,109
25221,109
25228,108
25235,99
25242,109
25249,109
25256,110
25263,109
25270,108
25277,109
25284,100
25291,109
25298,99
25305,110
25312,110
25319,109
25326,99
25333,109
25340,109
25347,109
25354,109
25361,104
25368,104
25375,109
25382,109
25389,109
25396,75
25403,75
25410,93
25417,109
25424,90
25431,104
25438,109
25445,109
25452,99
25459,110
25466,99
25473,104
25480,109
25487,99
25494,109
25501,104
25508,109
25515,109
25522,99
25529,109
25536,99
25543,99
25550,109
25557,104
25564,109
25571,91
25578,109
25585,99
25592,99
25599,109
25606,95
25613,95
25620,99
25627,109
25634,108
25641,109
25648,99
25655,99
25662,109
25669,108
25676,108
25683,109
25690,109
25697,109
25704,108
25711,109
25718,109
25725,109
25732,109
25739,109
25746,109
25753,99
25760,95
25767,95
25774,86
25781,109
25788,109
25795,99
25802,109
25809,109
25816,99
25823,109
25830,109
25837,100
25844,100
25851,100
25858,110
25865,95
25872,109
25879,109
25886,104
25893,99
25900,109
25907,110
25914,109
25921,110
25928,99
25935,108
25942,109
25949,109
25956,108
25963,104
25970,109
25977,109
25984,109
25991,109
25998,109
26005,99
26012,107
26019,105
26026,105
26033,99
26040,108
26047,109
26054,109
26061,109
26068,109
26075,109
26082,109
26089,108
26096,99
26103,99
26110,99
26117,99
26124,86
26131,104
26138,109
26145,73
26152,99
26159,93
26166,99
26173,89
26180,99
26187,104
26194,109
26201,110
26208,109
26215,109
26222,108
26229,99
26236,99
26243,99
26250,108
26257,104
26264,109
26271,99
26278,99
26285,109
26292,90
26299,109
26306,109
26313,108
26320,109
26327,95
26334,109
26341,100
26348,99
26355,109
26362,99
26369,95
26376,104
26383,99
26390,109
26397,109
26404,104
26411,109
26418,109
26425,109
26432,109
26439,95
26446,109
26453,108
26460,108
26467,108
26474,100
26481,109
26488,109
26495,109
26502,109
26509,109
26516,109
26523,104
26530,108
26537,108
26544,109
26551,109
26558,109
26565,109
26572,109
26579,109
26586,105
26593,105
26600,105
26607,109
26614,109
26621,109
26628,104
26635,104
26642,109
26649,109
26656,109
26663,109
26670,109
26677,104
26684,104
26691,108
26698,108
26705,108
26712,98
26719,109
26726,109
26733,90
26740,109
26747,109
26754,88
26761,109
26768,109
26775,109
26782,109
26789,76
26796,98
26803,104
26810,104
26817,90
26824,89
26831,104
26838,109
26845,109
26852,103
26859,95
26866,109
26873,108
26880,108
26887,109
26894,99
26901,108
26908,108
26915,110
26922,110
26929,110
26936,110
26943,86
26950,109
26957,99
26964,99
26971,105
26978,90
26985,90
26992,108
26999,109
27006,95
27013,105
27020,98
27027,98
27034,98
27041,99
27048,99
27055,99
27062,109
27069,104
27076,108
27083,109
27090,109
27097,109
27104,109
27111,109
27118,99
27125,109
27132,110
27139,110
27146,104
27153,103
27160,104
27167,109
27174,109
27181,109
27188,99
27195,104
27202,109
27209,100
27216,107
27223,109
27230,108
27237,109
27244,110
27251,110
27258,101
27265,77
27272,110
27279,110
27286,110
27293,109
27300,109
27307,109
27314,109
27321,104
27328,104
27335,109
27342,109
27349,99
27356,104
27363,109
27370,110
27377,99
27384,109
27391,109
27398,89
27405,89
27412,99
27419,85
27426,99
27433,103
27440,109
27447,110
27454,90
27461,109
27468,108
27475,74
27482,99
27489,109
27496,109
27503,109
27510,69
27517,69
27524,109
27531,109
27538,98
27545,109
27552,104
27559,109
27566,94
27573,109
27580,109
27587,104
27594,99
27601,108
27608,108
27615,101
27622,99
27629,97
27636,109
27643,99
27650,109
27657,109
27664,100
27671,100
27678,109
27685,109
27692,99
27699,109
27706,109
27713,109
27720,99
27727,99
27734,109
27741,109
27748,109
27755,90
27762,99
27769,99
27776,110
27783,110
27790,104
27797,109
27804,109
27811,110
27818,110
27825,104
27832,99
27839,109
27846,99
27853,104
27860,108
27867,82
27874,109
27881,104
27888,109
27895,109
27902,109
27909,99
27916,110
27923,109
27930,109
27937,109
27944,94
27951,109
27958,109
27965,104
27972,96
27979,109
27986,109
27993,99
28000,109
28007,109
28014,109
28021,109
28028,109
28035,110
28042,89
28049,99
28056,108
28063,108
28070,87
28077,109
28084,110
28091,110
28098,98
28105,85
28112,85
28119,85
28126,108
28133,108
28140,108
28147,108
28154,109
28161,85
28168,109
28175,91
28182,109
28189,109
28196,110
28203,99
28210,99
28217,109
28224,109
28231,109
28238,109
28245,109
28252,109
28259,109
28266,109
28273,99
28280,109
28287,109
28294,94
28301,99
28308,109
28315,103
28322,109
28329,109
28336,108
28343,107
28350,99
28357,109
28364,109
28371,109
28378,99
28385,107
28392,107
28399,99
28406,99
28413,99
28420,109
28427,109
28434,109
28441,108
28448,109
28455,100
28462,100
28469,110
28476,110
28483,110
28490,110
28497,110
28504,110
28511,109
28518,94
28525,109
28532,95
28539,95
28546,100
28553,109
28560,109
28567,96
28574,109
28581,99
28588,109
28595,108
28602,109
28609,109
28616,99
28623,110
28630,108
28637,109
28644,109
28651,109
28658,109
28665,109
28672,109
28679,109
28686,109
28693,108
28700,99
28707,110
28714,109
28721,89
28728,108
28735,109
28742,99
28749,108
28756,108
28763,109
28770,96
28777,96
28784,96
28791,96
28798,84
28805,84
28812,84
28819,99
28826,99
28833,109
28840,86
28847,109
28854,109
28861,99
28868,108
28875,100
28882,109
28889,105
28896,109
28903,109
28910,109
28917,108
28924,110
28931,110
28938,104
28945,93
28952,108
28959,108
28966,108
28973,70
28980,104
28987,109
28994,109
29001,109
29008,110
29015,109
29022,99
29029,109
29036,109
29043,109
29050,106
29057,102
29064,99
29071,110
29078,74
29085,99
29092,108
29099,108
29106,108
29113,109
29120,109
29127,109
29134,103
29141,108
29148,109
29155,109
29162,109
29169,99
29176,109
29183,77
29190,77
29197,100
29204,100
29211,99
29218,109
29225,104
29232,98
29239,99
29246,94
29253,109
29260,109
29267,109
29274,111
29281,109
29288,109
29295,109
29302,109
29309,99
29316,109
29323,109
29330,108
29337,109
29344,104
29351,109
29358,109
29365,109
29372,102
29379,107
29386,109
29393,100
29400,104
29407,109
29414,109
29421,109
29428,109
29435,109
29442,109
29449,104
29456,109
29463,109
29470,109
29477,74
29484,110
29491,109
29498,109
29505,109
29512,109
29519,109
29526,109
29533,109
29540,98
29547,99
29554,99
29561,109
29568,111
29575,111
29582,109
29589,104
29596,109
29603,109
29610,109
29617,109
29624,109
29631,109
29638,99
29645,99
29652,108
29659,109
29666,109
29673,110
29680,109
29687,109
29694,99
29701,109
29708,109
29715,109
29722,105
29729,109
29736,109
29743,109
29750,109
29757,109
29764,109
29771,109
29778,109
29785,103
29792,99
29799,109
29806,109
29813,109
29820,100
29827,110
29834,109
29841,109
29848,110
29855,109
29862,109
29869,99
29876,109
29883,109
29890,99
29897,99
29904,109
29911,109
29918,109
29925,109
29932,109
29939,94
29946,99
29953,99
29960,109
29967,99
29974,99
29981,99
29988,99
29995,109
30002,76
30009,109
30016,110
30023,109
30030,109
30037,109
30044,107
30051,107
30058,110
30065,86
30072,100
30079,109
30086,99
30093,99
30100,109
30107,91
30114,109
30121,109
30128,109
30135,99
30142,99
30149,99
30156,87
30163,109
30170,109
30177,109
30184,109
30191,109
30198,110
30205,109
30212,110
30219,99
30226,99
30233,99
30240,99
30247,99
30254,99
30261,109
30268,87
30275,103
30282,109
30289,109
30296,99
30303,99
30310,109
30317,109
30324,99
30331,109
30338,90
30345,90
30352,109
30359,100
30366,109
30373,109
30380,109
30387,109
30394,99
30401,109
30408,109
30415,109
30422,109
30429,87
30436,87
30443,99
30450,109
30457,109
30464,109
30471,109
30478,99
30485,99
30492,109
30499,109
30506,104
30513,100
30520,109
30527,109
30534,98
30541,109
30548,110
30555,109
30562,109
30569,109
30576,109
30583,90
30590,90
30597,99
30604,99
30611,99
30618,100
30625,103
30632,109
30639,99
30646,87
30653,109
30660,108
30667,99
30674,108
30681,109
30688,89
30695,99
30702,89
30709,109
30716,109
30723,109
30730,109
30737,109
30744,109
30751,109
30758,88
30765,110
30772,109
30779,109
30786,109
30793,110
30800,99
30807,99
30814,99
30821,99
30828,108
30835,108
30842,102
30849,109
30856,104
30863,109
30870,109
30877,109
30884,109
30891,109
30898,104
30905,104
30912,110
30919,104
30926,99
30933,109
30940,109
30947,86
30954,109
30961,109
30968,109
30975,109
30982,109
30989,108
30996,108
31003,109
31010,109
31017,109
31024,88
31031,88
31038,108
31045,99
31052,108
31059,100
31066,109
31073,109
31080,89
31087,89
31094,109
31101,109
31108,109
31115,90
31122,99
31129,99
31136,99
31143,94
31150,99
31157,104
31164,110
31171,107
31178,109
31185,99
31192,103
31199,103
31206,109
31213,110
31220,109
31227,99
31234,109
31241,109
31248,109
31255,109
31262,104
31269,104
31276,104
31283,109
31290,109
31297,109
31304,108
31311,109
31318,109
31325,109
31332,109
31339,109
31346,109
31353,109
31360,108
31367,109
31374,109
31381,110
31388,85
31395,85
31402,85
31409,85
31416,109
31423,100
31430,109
31437,106
31444,99
31451,99
31458,104
31465,104
31472,107
31479,108
31486,109
31493,109
31500,92
31507,109
31514,76
31521,76
31528,109
31535,99
31542,109
31549,109
31556,108
31563,99
31570,109
31577,104
31584,109
31591,109
31598,109
31605,107
31612,110
31619,108
31626,109
31633,109
31640,109
31647,84
31654,109
31661,109
31668,99
31675,109
31682,109
31689,109
31696,108
31703,109
31710,109
31717,109
31724,109
31731,110
31738,109
31745,109
31752,109
31759,104
31766,99
31773,109
31780,109
31787,110
31794,109
31801,109
31808,109
31815,109
31822,99
31829,99
31836,99
31843,86
31850,99
31857,109
31864,109
31871,108
31878,99
31885,99
31892,99
31899,109
31906,109
31913,99
31920,104
31927,109
31934,109
31941,99
31948,109
31955,109
31962,109
31969,109
31976,109
31983,109
31990,99
31997,99
32004,109
32011,109
32018,72
32025,72
32032,109
32039,109
32046,109
32053,109
32060,109
32067,95
32074,104
32081,109
32088,109
32095,109
32102,109
32109,109
32116,109
32123,108
32130,109
32137,109
32144,109
32151,109
32158,99
32165,99
32172,109
32179,109
32186,109
32193,109
32200,109
32207,109
32214,109
32221,108
32228,110
32235,110
32242,110
32249,99
32256,105
32263,109
32270,109
32277,109
32284,109
32291,108
32298,108
32305,74
32312,74
32319,109
32326,109
32333,104
32340,109
32347,109
32354,109
32361,109
32368,109
32375,109
32382,89
32389,109
32396,109
32403,109
32410,104
32417,109
32424,109
32431,109
32438,99
32445,107
32452,81
32459,109
32466,108
32473,108
32480,109
32487,109
32494,98
32501,98
32508,98
32515,98
32522,98
32529,109
32536,109
32543,109
32550,109
32557,109
32564,109
32571,87
32578,87
32585,109
32592,109
32599,104
32606,104
32613,93
32620,93
32627,93
32634,109
32641,109
32648,109
32655,109
32662,109
32669,108
32676,99
32683,109
32690,109
32697,109
32704,109
32711,109
32718,109
32725,109
32732,109
32739,99
32746,87
32753,109
32760,100
32767,99
32774,99
32781,109
32788,99
32795,99
32802,101
32809,110
32816,99
32823,99
32830,109
32837,107
32844,96
32851,109
32858,109
32865,109
32872,109
32879,109
32886,109
32893,109
32900,80
32907,110
32914,108
32921,109
32928,109
32935,109
32942,99
32949,99
32956,99
32963,99
32970,104
32977,109
32984,104
32991,109
32998,109
33005,109
33012,109
33019,109
33026,110
33033,104
33040,109
33047,109
33054,109
33061,99
33068,99
33075,109
33082,109
33089,109
33096,109
33103,109
33110,99
33117,109
33124,108
33131,108
33138,108
33145,109
33152,109
33159,109
33166,109
33173,110
33180,109
33187,109
33194,109
33201,99
33208,109
33215,105
33222,105
33229,105
33236,109
33243,109
